{
  "Register" : {
    "transaction" : "Register",
    "sampleCount" : 50,
    "errorCount" : 0,
    "errorPct" : 0.0,
    "meanResTime" : 351.9199999999999,
    "medianResTime" : 346.0,
    "minResTime" : 336.0,
    "maxResTime" : 420.0,
    "pct1ResTime" : 372.3,
    "pct2ResTime" : 393.0,
    "pct3ResTime" : 420.0,
    "throughput" : 5.481254110940584,
    "receivedKBytesPerSec" : 3.7066980925235695,
    "sentKBytesPerSec" : 1.3810191021705767
  },
  "Delete User" : {
    "transaction" : "Delete User",
    "sampleCount" : 50,
    "errorCount" : 0,
    "errorPct" : 0.0,
    "meanResTime" : 348.86,
    "medianResTime" : 345.0,
    "minResTime" : 332.0,
    "maxResTime" : 410.0,
    "pct1ResTime" : 368.4,
    "pct2ResTime" : 375.45,
    "pct3ResTime" : 410.0,
    "throughput" : 5.485463521667581,
    "receivedKBytesPerSec" : 3.2987777701590786,
    "sentKBytesPerSec" : 1.1303054717498628
  },
  "Total" : {
    "transaction" : "Total",
    "sampleCount" : 400,
    "errorCount" : 0,
    "errorPct" : 0.0,
    "meanResTime" : 344.16000000000037,
    "medianResTime" : 345.0,
    "minResTime" : 11.0,
    "maxResTime" : 1571.0,
    "pct1ResTime" : 530.9000000000001,
    "pct2ResTime" : 549.0,
    "pct3ResTime" : 1192.0700000000018,
    "throughput" : 32.0666987333654,
    "receivedKBytesPerSec" : 137.85807291666666,
    "sentKBytesPerSec" : 6.497890612473945
  },
  "Create User" : {
    "transaction" : "Create User",
    "sampleCount" : 50,
    "errorCount" : 0,
    "errorPct" : 0.0,
    "meanResTime" : 346.12,
    "medianResTime" : 344.5,
    "minResTime" : 336.0,
    "maxResTime" : 383.0,
    "pct1ResTime" : 357.7,
    "pct2ResTime" : 367.15,
    "pct3ResTime" : 383.0,
    "throughput" : 5.4902822005051055,
    "receivedKBytesPerSec" : 3.993858604644779,
    "sentKBytesPerSec" : 1.2814232870319535
  },
  "Update User" : {
    "transaction" : "Update User",
    "sampleCount" : 50,
    "errorCount" : 0,
    "errorPct" : 0.0,
    "meanResTime" : 348.35999999999984,
    "medianResTime" : 345.0,
    "minResTime" : 333.0,
    "maxResTime" : 378.0,
    "pct1ResTime" : 366.7,
    "pct2ResTime" : 373.79999999999995,
    "pct3ResTime" : 378.0,
    "throughput" : 5.502366017387477,
    "receivedKBytesPerSec" : 3.740104338615605,
    "sentKBytesPerSec" : 1.2251361835589303
  },
  "Single User" : {
    "transaction" : "Single User",
    "sampleCount" : 50,
    "errorCount" : 0,
    "errorPct" : 0.0,
    "meanResTime" : 23.459999999999997,
    "medianResTime" : 21.0,
    "minResTime" : 11.0,
    "maxResTime" : 61.0,
    "pct1ResTime" : 43.9,
    "pct2ResTime" : 53.94999999999995,
    "pct3ResTime" : 61.0,
    "throughput" : 5.688282138794084,
    "receivedKBytesPerSec" : 5.53763154152446,
    "sentKBytesPerSec" : 0.6943703782707623
  },
  "Login" : {
    "transaction" : "Login",
    "sampleCount" : 50,
    "errorCount" : 0,
    "errorPct" : 0.0,
    "meanResTime" : 348.66,
    "medianResTime" : 343.0,
    "minResTime" : 333.0,
    "maxResTime" : 414.0,
    "pct1ResTime" : 370.7,
    "pct2ResTime" : 385.59999999999997,
    "pct3ResTime" : 414.0,
    "throughput" : 5.485463521667581,
    "receivedKBytesPerSec" : 3.6699036615469005,
    "sentKBytesPerSec" : 1.3660089824465167
  },
  "Update User with patch method" : {
    "transaction" : "Update User with patch method",
    "sampleCount" : 50,
    "errorCount" : 0,
    "errorPct" : 0.0,
    "meanResTime" : 351.35999999999996,
    "medianResTime" : 344.5,
    "minResTime" : 334.0,
    "maxResTime" : 437.0,
    "pct1ResTime" : 372.9,
    "pct2ResTime" : 390.79999999999995,
    "pct3ResTime" : 437.0,
    "throughput" : 5.502366017387477,
    "receivedKBytesPerSec" : 3.7407491471332674,
    "sentKBytesPerSec" : 1.2358829921866403
  },
  "Get Users" : {
    "transaction" : "Get Users",
    "sampleCount" : 50,
    "errorCount" : 0,
    "errorPct" : 0.0,
    "meanResTime" : 634.54,
    "medianResTime" : 546.0,
    "minResTime" : 517.0,
    "maxResTime" : 1571.0,
    "pct1ResTime" : 980.1999999999997,
    "pct2ResTime" : 1469.8999999999992,
    "pct3ResTime" : 1571.0,
    "throughput" : 4.834654805646877,
    "receivedKBytesPerSec" : 142.06954197689035,
    "sentKBytesPerSec" : 0.5382330545349062
  }
}