{
  "Register" : {
    "transaction" : "Register",
    "sampleCount" : 10,
    "errorCount" : 0,
    "errorPct" : 0.0,
    "meanResTime" : 347.7,
    "medianResTime" : 343.5,
    "minResTime" : 337.0,
    "maxResTime" : 400.0,
    "pct1ResTime" : 394.6,
    "pct2ResTime" : 400.0,
    "pct3ResTime" : 400.0,
    "throughput" : 11.614401858304298,
    "receivedKBytesPerSec" : 7.839721254355401,
    "sentKBytesPerSec" : 2.926284843205575
  },
  "Delete User" : {
    "transaction" : "Delete User",
    "sampleCount" : 10,
    "errorCount" : 0,
    "errorPct" : 0.0,
    "meanResTime" : 352.90000000000003,
    "medianResTime" : 347.0,
    "minResTime" : 340.0,
    "maxResTime" : 410.0,
    "pct1ResTime" : 404.8,
    "pct2ResTime" : 410.0,
    "pct3ResTime" : 410.0,
    "throughput" : 12.5,
    "receivedKBytesPerSec" : 7.4951171875,
    "sentKBytesPerSec" : 2.57568359375
  },
  "Total" : {
    "transaction" : "Total",
    "sampleCount" : 80,
    "errorCount" : 0,
    "errorPct" : 0.0,
    "meanResTime" : 463.325,
    "medianResTime" : 346.0,
    "minResTime" : 11.0,
    "maxResTime" : 1939.0,
    "pct1ResTime" : 1305.7,
    "pct2ResTime" : 1735.5000000000005,
    "pct3ResTime" : 1939.0,
    "throughput" : 17.679558011049725,
    "receivedKBytesPerSec" : 76.01174033149171,
    "sentKBytesPerSec" : 3.582527624309392
  },
  "Create User" : {
    "transaction" : "Create User",
    "sampleCount" : 10,
    "errorCount" : 0,
    "errorPct" : 0.0,
    "meanResTime" : 350.20000000000005,
    "medianResTime" : 343.0,
    "minResTime" : 338.0,
    "maxResTime" : 401.0,
    "pct1ResTime" : 397.40000000000003,
    "pct2ResTime" : 401.0,
    "pct3ResTime" : 401.0,
    "throughput" : 17.21170395869191,
    "receivedKBytesPerSec" : 12.550761080034425,
    "sentKBytesPerSec" : 4.017184810671257
  },
  "Update User" : {
    "transaction" : "Update User",
    "sampleCount" : 10,
    "errorCount" : 0,
    "errorPct" : 0.0,
    "meanResTime" : 354.29999999999995,
    "medianResTime" : 348.0,
    "minResTime" : 335.0,
    "maxResTime" : 417.0,
    "pct1ResTime" : 412.20000000000005,
    "pct2ResTime" : 417.0,
    "pct3ResTime" : 417.0,
    "throughput" : 15.267175572519083,
    "receivedKBytesPerSec" : 10.40970896946565,
    "sentKBytesPerSec" : 3.3993320610687023
  },
  "Single User" : {
    "transaction" : "Single User",
    "sampleCount" : 10,
    "errorCount" : 0,
    "errorPct" : 0.0,
    "meanResTime" : 21.3,
    "medianResTime" : 15.0,
    "minResTime" : 11.0,
    "maxResTime" : 75.0,
    "pct1ResTime" : 69.80000000000001,
    "pct2ResTime" : 75.0,
    "pct3ResTime" : 75.0,
    "throughput" : 50.0,
    "receivedKBytesPerSec" : 48.642578125,
    "sentKBytesPerSec" : 6.103515625
  },
  "Login" : {
    "transaction" : "Login",
    "sampleCount" : 10,
    "errorCount" : 0,
    "errorPct" : 0.0,
    "meanResTime" : 353.90000000000003,
    "medianResTime" : 347.5,
    "minResTime" : 336.0,
    "maxResTime" : 410.0,
    "pct1ResTime" : 405.8,
    "pct2ResTime" : 410.0,
    "pct3ResTime" : 410.0,
    "throughput" : 10.718113612004288,
    "receivedKBytesPerSec" : 7.176112004287245,
    "sentKBytesPerSec" : 2.6690614951768485
  },
  "Update User with patch method" : {
    "transaction" : "Update User with patch method",
    "sampleCount" : 10,
    "errorCount" : 0,
    "errorPct" : 0.0,
    "meanResTime" : 362.3999999999999,
    "medianResTime" : 350.5,
    "minResTime" : 345.0,
    "maxResTime" : 433.0,
    "pct1ResTime" : 429.6,
    "pct2ResTime" : 433.0,
    "pct3ResTime" : 433.0,
    "throughput" : 13.513513513513514,
    "receivedKBytesPerSec" : 9.20608108108108,
    "sentKBytesPerSec" : 3.0352618243243246
  },
  "Get Users" : {
    "transaction" : "Get Users",
    "sampleCount" : 10,
    "errorCount" : 0,
    "errorPct" : 0.0,
    "meanResTime" : 1563.9,
    "medianResTime" : 1550.0,
    "minResTime" : 1132.0,
    "maxResTime" : 1939.0,
    "pct1ResTime" : 1930.2,
    "pct2ResTime" : 1939.0,
    "pct3ResTime" : 1939.0,
    "throughput" : 5.070993914807302,
    "receivedKBytesPerSec" : 149.0164054576572,
    "sentKBytesPerSec" : 0.5645442444219066
  }
}