{
  "Register" : {
    "transaction" : "Register",
    "sampleCount" : 100,
    "errorCount" : 0,
    "errorPct" : 0.0,
    "meanResTime" : 354.66,
    "medianResTime" : 346.0,
    "minResTime" : 333.0,
    "maxResTime" : 567.0,
    "pct1ResTime" : 373.9,
    "pct2ResTime" : 393.29999999999984,
    "pct3ResTime" : 566.6099999999998,
    "throughput" : 11.075423634954037,
    "receivedKBytesPerSec" : 7.494081570495071,
    "sentKBytesPerSec" : 2.790487595525529
  },
  "Delete User" : {
    "transaction" : "Delete User",
    "sampleCount" : 100,
    "errorCount" : 0,
    "errorPct" : 0.0,
    "meanResTime" : 356.75000000000006,
    "medianResTime" : 345.5,
    "minResTime" : 333.0,
    "maxResTime" : 647.0,
    "pct1ResTime" : 378.8,
    "pct2ResTime" : 403.95,
    "pct3ResTime" : 646.2299999999996,
    "throughput" : 11.059500110595001,
    "receivedKBytesPerSec" : 6.648012400464499,
    "sentKBytesPerSec" : 2.2788618391948683
  },
  "Total" : {
    "transaction" : "Total",
    "sampleCount" : 800,
    "errorCount" : 1,
    "errorPct" : 0.125,
    "meanResTime" : 352.61499999999944,
    "medianResTime" : 346.0,
    "minResTime" : 9.0,
    "maxResTime" : 1680.0,
    "pct1ResTime" : 537.9,
    "pct2ResTime" : 572.8499999999998,
    "pct3ResTime" : 1022.6700000000003,
    "throughput" : 64.73015616150174,
    "receivedKBytesPerSec" : 278.32086561412734,
    "sentKBytesPerSec" : 13.116706448741807
  },
  "Create User" : {
    "transaction" : "Create User",
    "sampleCount" : 100,
    "errorCount" : 0,
    "errorPct" : 0.0,
    "meanResTime" : 355.6899999999999,
    "medianResTime" : 347.0,
    "minResTime" : 332.0,
    "maxResTime" : 566.0,
    "pct1ResTime" : 381.20000000000005,
    "pct2ResTime" : 418.0,
    "pct3ResTime" : 565.81,
    "throughput" : 11.066843736166446,
    "receivedKBytesPerSec" : 8.055019505312085,
    "sentKBytesPerSec" : 2.5829840360779106
  },
  "Update User" : {
    "transaction" : "Update User",
    "sampleCount" : 100,
    "errorCount" : 1,
    "errorPct" : 1.0,
    "meanResTime" : 359.2799999999999,
    "medianResTime" : 345.0,
    "minResTime" : 333.0,
    "maxResTime" : 561.0,
    "pct1ResTime" : 383.70000000000005,
    "pct2ResTime" : 449.84999999999974,
    "pct3ResTime" : 560.7099999999998,
    "throughput" : 11.060723371308484,
    "receivedKBytesPerSec" : 7.563417694392213,
    "sentKBytesPerSec" : 2.4627391881429044
  },
  "Single User" : {
    "transaction" : "Single User",
    "sampleCount" : 100,
    "errorCount" : 0,
    "errorPct" : 0.0,
    "meanResTime" : 27.939999999999998,
    "medianResTime" : 18.0,
    "minResTime" : 9.0,
    "maxResTime" : 349.0,
    "pct1ResTime" : 40.80000000000001,
    "pct2ResTime" : 65.64999999999992,
    "pct3ResTime" : 347.9399999999995,
    "throughput" : 11.473152822395594,
    "receivedKBytesPerSec" : 11.177136516177146,
    "sentKBytesPerSec" : 1.4005313503900874
  },
  "Login" : {
    "transaction" : "Login",
    "sampleCount" : 100,
    "errorCount" : 0,
    "errorPct" : 0.0,
    "meanResTime" : 355.08,
    "medianResTime" : 344.5,
    "minResTime" : 332.0,
    "maxResTime" : 646.0,
    "pct1ResTime" : 370.6,
    "pct2ResTime" : 433.04999999999933,
    "pct3ResTime" : 645.0699999999995,
    "throughput" : 11.075423634954037,
    "receivedKBytesPerSec" : 7.4125301113080075,
    "sentKBytesPerSec" : 2.7580400653449995
  },
  "Update User with patch method" : {
    "transaction" : "Update User with patch method",
    "sampleCount" : 100,
    "errorCount" : 0,
    "errorPct" : 0.0,
    "meanResTime" : 361.15000000000003,
    "medianResTime" : 347.0,
    "minResTime" : 335.0,
    "maxResTime" : 657.0,
    "pct1ResTime" : 397.70000000000005,
    "pct2ResTime" : 441.5999999999999,
    "pct3ResTime" : 655.5199999999993,
    "throughput" : 11.064394777605665,
    "receivedKBytesPerSec" : 7.517953709338349,
    "sentKBytesPerSec" : 2.4851667957512724
  },
  "Get Users" : {
    "transaction" : "Get Users",
    "sampleCount" : 100,
    "errorCount" : 0,
    "errorPct" : 0.0,
    "meanResTime" : 650.37,
    "medianResTime" : 552.0,
    "minResTime" : 517.0,
    "maxResTime" : 1680.0,
    "pct1ResTime" : 887.9000000000001,
    "pct2ResTime" : 1383.5499999999997,
    "pct3ResTime" : 1679.4299999999996,
    "throughput" : 9.75800156128025,
    "receivedKBytesPerSec" : 286.7419252537081,
    "sentKBytesPerSec" : 1.086340017564403
  }
}